bitcoin,btc
ethereum,eth
icon,icx
tron,trx
aelf,elf
tron,trx
iostoken,iost
bitcoin diamond,bcd
chatcoin,chat
neo,neo
icon,icx
vechain,ven
neo,neo
eos,eos
eos,eos
lisk,lsk
ripple,xrp
hshare,hsr
stellar,xlm
triggers,trig
binance coin,bnb
cardano,ada
neo,neo
ripple,xrp
aelf,elf
vechain,ven
binance coin,bnb
litecoin,ltc
stellar,xlm
qtum,qtum
0x,zrx
adex,adx
cardano,ada
iota,iota
kyber network,knc
verge,xvg
bitcoin cash,bcc
walton,wtc
ethereum classic,etc
cindicator,cnd
binance coin,bnb
iostoken,iost
bread,brd
chatcoin,chat
bitshares,bts
bitcoin diamond,bcd
lisk,lsk
vibe,vibe
digixdao,dgd
litecoin,ltc
0x,zrx
iota,iota
request network,req
populous,ppt
triggers,trig
po.et,poe
ethos,bqx
walton,wtc
gas,gas
stratis,strat
litecoin,ltc
appcoins,appc
omisego,omg
moeda loyalty points,mda
kyber network,knc
monero,xmr
viberate,vib
bitcoin cash,bcc
substratum,sub
cindicator,cnd
bitcoin cash,bcc
qtum,qtum
ins ecosystem,ins
neblio,nebl
zcash,zec
metal,mtl
wings,wings
populous,ppt
omisego,omg
cindicator,cnd
loopring,lrc
dash,dash
tierion,tnt
ethereum classic,etc
cybermiles,cmt
request network,req
ethlend,lend
power ledger,powr
aion,aion
enjin coin,enj
verge,xvg
enigma,eng
digixdao,dgd
time new bank,tnb
loopring,lrc
bitcoin gold,btg
airswap,ast
monaco,mco
gifto,gto
quantstamp,qsp
decentraland,mana
monero,xmr
funfair,fun
bitshares,bts
salt,salt
pivx,pivx
icon,icx
appcoins,appc
wabi,wabi
ethos,bqx
po.et,poe
hshare,hsr
lunyr,lun
ins ecosystem,ins
simple token,ost
substratum,sub
zcash,zec
enigma,eng
etherparty,fuel
aion,aion
quantstamp,qsp
genesis vision,gvt
coindash,cdt
ethlend,lend
cybermiles,cmt
basic attention token,bat
aeron,arn
raiden network token,rdn
chainlink,link
ambrosus,amb
stratis,strat
centra,ctr
nuls,nuls
status,snt
neo,neo
airswap,ast
viberate,vib
monetha,mth
quantstamp,qsp
vibe,vibe
dash,dash
neblio,nebl
power ledger,powr
funfair,fun
salt,salt
enjin coin,enj
time new bank,tnb
tierion,tnt
bancor,bnt
raiden network token,rdn
adex,adx
gxshares,gxs
ripio credit network,rcn
nav coin,nav
chainlink,link
moeda loyalty points,mda
ark,ark
zcoin,xzc
modum,mod
iexec rlc,rlc
gifto,gto
wabi,wabi
blockmason credit protocol,bcpt
stellar,xlm
waves,waves
bancor,bnt
litecoin,ltc
komodo,kmd
agrello,dlt
status,snt
decentraland,mana
everex,evx
storj,storj
vechain,ven
nuls,nuls
ambrosus,amb
yoyow,yoyo
triggers,trig
etherparty,fuel
district0x,dnt
simple token,ost
iconomi,icn
singulardtv,sngls
sonm,snm
lisk,lsk
lunyr,lun
eidoo,edo
coindash,cdt
centra,ctr
gxshares,gxs
basic attention token,bat
adex,adx
genesis vision,gvt
iota,iota
modum,mod
oax,oax
bread,brd
monaco,mco
ark,ark
iconomi,icn
komodo,kmd
pivx,pivx
ripio credit network,rcn
iexec rlc,rlc
monetha,mth
bitcoin gold,btg
waves,waves
zcoin,xzc
storj,storj
aeron,arn
bitcoin cash,bcc
walton,wtc
yoyow,yoyo
singulardtv,sngls
metal,mtl
everex,evx
oax,oax
agrello,dlt
nav coin,nav
district0x,dnt
bitshares,bts
gifto,gto
blockmason credit protocol,bcpt
sonm,snm
cybermiles,cmt
appcoins,appc
wings,wings
neblio,nebl
eidoo,edo
power ledger,powr
simple token,ost
pivx,pivx
raiden network token,rdn
basic attention token,bat
nuls,nuls
aion,aion
ambrosus,amb
yoyow,yoyo
nav coin,nav
ripio credit network,rcn
bread,brd
iexec rlc,rlc
blockmason credit protocol,bcpt
waves,waves
monaco,mco
agrello,dlt
wabi,wabi
zcoin,xzc
